{
    "parent": "block/block",
    "textures": {
        "particle": "#side"
    },
    "elements": [
        {   "from": [ 0, 0, 0 ],
            "to": [ 16, 16, 16 ],
            "faces": {
                "down":  { "texture": "#end", "cullface": "down" },
                "up":    { "texture": "#end", "cullface": "up" },
                "north": { "texture": "#side", "cullface": "north" },
                "south": { "texture": "#side", "cullface": "south" },
                "west":  { "texture": "#side", "cullface": "west" },
                "east":  { "texture": "#side", "cullface": "east" }
            }
        },
        {   "from": [ -0.05, 0, -0.05 ],
            "to": [ 16.05, 16, 16.05 ],
            "faces": {
                "north": { "texture": "#side2", "cullface": "down" },
                "south": { "texture": "#side2", "cullface": "down" },
                "west":  { "texture": "#side2", "cullface": "down" },
                "east":  { "texture": "#side2", "cullface": "down" }
            }
        },
        {   "from": [ -0.02, 0, -0.02 ],
            "to": [ 16.02, 16, 16.02 ],
            "faces": {
                "north": { "texture": "#side2", "cullface": "up" },
                "south": { "texture": "#side2", "cullface": "up" },
                "west":  { "texture": "#side2", "cullface": "up" },
                "east":  { "texture": "#side2", "cullface": "up" }
            }
        }
    ]
}
